Columns,R_squared,Mean_error
body_condition,0.004627222,0.997983893
mechanical_condition,0.002121356,1.040240182
no_of_cylinders,0.079426776,0.936631323
horsepower,0.196451936,0.850827532
year,0.144521812,0.829909646
Mileage,0.266972871,0.769302036
